Título,Preço (£),Disponibilidade
A Light in the Attic,Â51.77,In stock
Tipping the Velvet,Â53.74,In stock
Soumission,Â50.10,In stock
Sharp Objects,Â47.82,In stock
Sapiens: A Brief History of Humankind,Â54.23,In stock
The Requiem Red,Â22.65,In stock
The Dirty Little Secrets of Getting Your Dream Job,Â33.34,In stock
"The Coming Woman: A Novel Based on the Life of the Infamous Feminist, Victoria Woodhull",Â17.93,In stock
The Boys in the Boat: Nine Americans and Their Epic Quest for Gold at the 1936 Berlin Olympics,Â22.60,In stock
The Black Maria,Â52.15,In stock
"Starving Hearts (Triangular Trade Trilogy, #1)",Â13.99,In stock
Shakespeare's Sonnets,Â20.66,In stock
Set Me Free,Â17.46,In stock
Scott Pilgrim's Precious Little Life (Scott Pilgrim #1),Â52.29,In stock
Rip it Up and Start Again,Â35.02,In stock
"Our Band Could Be Your Life: Scenes from the American Indie Underground, 1981-1991",Â57.25,In stock
Olio,Â23.88,In stock
Mesaerion: The Best Science Fiction Stories 1800-1849,Â37.59,In stock
Libertarianism for Beginners,Â51.33,In stock
It's Only the Himalayas,Â45.17,In stock
